,id,label
0,3500,fourties
1,3501,fourties
2,3502,fourties
3,3503,thirties
4,3504,twenties
5,3505,fourties
6,3506,thirties
7,3507,thirties
8,3508,fifties
9,3509,fourties
10,3510,thirties
11,3511,thirties
12,3512,fifties
13,3513,twenties
14,3514,fourties
15,3515,teens
16,3516,thirties
17,3517,fourties
18,3518,thirties
19,3519,fifties
20,3520,fifties
21,3521,fifties
22,3522,fourties
23,3523,fifties
24,3524,thirties
25,3525,thirties
26,3526,thirties
27,3527,fourties
28,3528,teens
29,3529,teens
30,3530,fourties
31,3531,teens
32,3532,fourties
33,3533,fourties
34,3534,twenties
35,3535,thirties
36,3536,fourties
37,3537,fifties
38,3538,fourties
39,3539,thirties
40,3540,fifties
41,3541,thirties
42,3542,twenties
43,3543,fifties
44,3544,fourties
45,3545,fifties
46,3546,fourties
47,3547,fourties
48,3548,fifties
49,3549,thirties
50,3550,fourties
51,3551,fifties
52,3552,fourties
53,3553,fourties
54,3554,thirties
55,3555,fifties
56,3556,fourties
57,3557,fourties
58,3558,fifties
59,3559,thirties
60,3560,thirties
61,3561,fourties
62,3562,fourties
63,3563,fourties
64,3564,fourties
65,3565,fifties
66,3566,twenties
67,3567,fourties
68,3568,thirties
69,3569,fifties
70,3570,fourties
71,3571,fourties
72,3572,fifties
73,3573,thirties
74,3574,fourties
75,3575,teens
76,3576,thirties
77,3577,thirties
78,3578,fifties
79,3579,fourties
80,3580,fourties
81,3581,fourties
82,3582,teens
83,3583,fifties
84,3584,teens
85,3585,fourties
86,3586,fourties
87,3587,twenties
88,3588,thirties
89,3589,fourties
90,3590,twenties
91,3591,fourties
92,3592,thirties
93,3593,thirties
94,3594,fifties
95,3595,thirties
96,3596,fifties
97,3597,fifties
98,3598,fourties
99,3599,thirties
100,3600,thirties
101,3601,fifties
102,3602,thirties
103,3603,thirties
104,3604,twenties
105,3605,fifties
106,3606,teens
107,3607,fourties
108,3608,fourties
109,3609,fifties
110,3610,teens
111,3611,teens
112,3612,fourties
113,3613,fourties
114,3614,fourties
115,3615,fourties
116,3616,teens
117,3617,fourties
118,3618,thirties
119,3619,teens
120,3620,thirties
121,3621,twenties
122,3622,thirties
123,3623,fourties
124,3624,teens
125,3625,fourties
126,3626,thirties
127,3627,fourties
128,3628,teens
129,3629,twenties
130,3630,fourties
131,3631,thirties
132,3632,fifties
133,3633,teens
134,3634,fifties
135,3635,fourties
136,3636,teens
137,3637,teens
138,3638,fourties
139,3639,fifties
140,3640,teens
141,3641,teens
142,3642,twenties
143,3643,thirties
144,3644,fifties
145,3645,teens
146,3646,fourties
147,3647,thirties
148,3648,twenties
149,3649,fifties
150,3650,fifties
151,3651,thirties
152,3652,thirties
153,3653,fifties
154,3654,fifties
155,3655,fourties
156,3656,fourties
157,3657,fourties
158,3658,fourties
159,3659,twenties
160,3660,fourties
161,3661,fourties
162,3662,thirties
163,3663,fifties
164,3664,teens
165,3665,fourties
166,3666,fourties
167,3667,fifties
168,3668,thirties
169,3669,thirties
170,3670,twenties
171,3671,thirties
172,3672,thirties
173,3673,fourties
174,3674,teens
175,3675,thirties
176,3676,teens
177,3677,teens
178,3678,fourties
179,3679,fifties
180,3680,thirties
181,3681,fifties
182,3682,fourties
183,3683,fourties
184,3684,twenties
185,3685,fifties
186,3686,fourties
187,3687,fifties
188,3688,fourties
189,3689,fifties
190,3690,fifties
191,3691,thirties
192,3692,thirties
193,3693,fifties
194,3694,fourties
195,3695,teens
196,3696,twenties
197,3697,fourties
198,3698,fourties
199,3699,teens
200,3700,twenties
201,3701,fourties
202,3702,fifties
203,3703,fourties
204,3704,twenties
205,3705,twenties
206,3706,teens
207,3707,fourties
208,3708,fourties
209,3709,thirties
210,3710,thirties
211,3711,fourties
212,3712,fourties
213,3713,fourties
214,3714,thirties
215,3715,fifties
216,3716,fourties
217,3717,fourties
218,3718,teens
219,3719,thirties
220,3720,teens
221,3721,fifties
222,3722,teens
223,3723,fifties
224,3724,fourties
225,3725,fourties
226,3726,teens
227,3727,fourties
228,3728,teens
229,3729,thirties
230,3730,twenties
231,3731,twenties
232,3732,teens
233,3733,twenties
234,3734,fourties
235,3735,fourties
236,3736,fifties
237,3737,fifties
238,3738,fifties
239,3739,teens
240,3740,fifties
241,3741,thirties
242,3742,twenties
243,3743,teens
244,3744,thirties
245,3745,fifties
246,3746,thirties
247,3747,thirties
248,3748,thirties
249,3749,fourties
250,3750,teens
251,3751,thirties
252,3752,fifties
253,3753,fourties
254,3754,fourties
255,3755,fourties
256,3756,fourties
257,3757,twenties
258,3758,fifties
259,3759,teens
260,3760,fourties
261,3761,fourties
262,3762,fourties
263,3763,fifties
264,3764,teens
265,3765,teens
266,3766,fourties
267,3767,teens
268,3768,fifties
269,3769,thirties
270,3770,twenties
271,3771,fourties
272,3772,twenties
273,3773,teens
274,3774,fifties
275,3775,teens
276,3776,teens
277,3777,teens
278,3778,thirties
279,3779,twenties
280,3780,thirties
281,3781,thirties
282,3782,fifties
283,3783,thirties
284,3784,fifties
285,3785,fourties
286,3786,fifties
287,3787,twenties
288,3788,twenties
289,3789,fourties
290,3790,fifties
291,3791,teens
292,3792,fourties
293,3793,teens
294,3794,fifties
295,3795,thirties
296,3796,fourties
297,3797,fourties
298,3798,thirties
299,3799,teens
300,3800,fourties
301,3801,thirties
302,3802,teens
303,3803,thirties
304,3804,teens
305,3805,fifties
306,3806,fifties
307,3807,fourties
308,3808,teens
309,3809,thirties
310,3810,twenties
311,3811,teens
312,3812,fifties
313,3813,teens
314,3814,thirties
315,3815,thirties
316,3816,fourties
317,3817,fifties
318,3818,fourties
319,3819,twenties
320,3820,thirties
321,3821,teens
322,3822,teens
323,3823,twenties
324,3824,fourties
325,3825,twenties
326,3826,fourties
327,3827,fourties
328,3828,teens
329,3829,fifties
330,3830,twenties
331,3831,twenties
332,3832,thirties
333,3833,fifties
334,3834,fourties
335,3835,thirties
336,3836,thirties
337,3837,thirties
338,3838,teens
339,3839,thirties
340,3840,fourties
341,3841,thirties
342,3842,thirties
343,3843,teens
344,3844,teens
345,3845,teens
346,3846,thirties
347,3847,fourties
348,3848,fourties
349,3849,fifties
350,3850,fourties
351,3851,fifties
352,3852,fifties
353,3853,fifties
354,3854,fourties
355,3855,teens
356,3856,fifties
357,3857,fourties
358,3858,twenties
359,3859,fifties
360,3860,fourties
361,3861,fifties
362,3862,teens
363,3863,fourties
364,3864,twenties
365,3865,fourties
366,3866,fifties
367,3867,twenties
368,3868,fourties
369,3869,twenties
370,3870,thirties
371,3871,fourties
372,3872,teens
373,3873,fourties
374,3874,teens
375,3875,fourties
376,3876,fifties
377,3877,teens
378,3878,teens
379,3879,fifties
380,3880,fifties
381,3881,fourties
382,3882,fourties
383,3883,fourties
384,3884,fourties
385,3885,thirties
386,3886,fifties
387,3887,fourties
388,3888,thirties
389,3889,teens
390,3890,fourties
391,3891,teens
392,3892,teens
393,3893,fifties
394,3894,thirties
395,3895,thirties
396,3896,thirties
397,3897,fourties
398,3898,thirties
399,3899,teens
400,3900,teens
401,3901,thirties
402,3902,thirties
403,3903,fourties
404,3904,fourties
405,3905,fourties
406,3906,twenties
407,3907,thirties
408,3908,fourties
409,3909,thirties
410,3910,thirties
411,3911,thirties
412,3912,teens
413,3913,fifties
414,3914,thirties
415,3915,fifties
416,3916,teens
417,3917,thirties
418,3918,fifties
419,3919,twenties
420,3920,fourties
421,3921,twenties
422,3922,fourties
423,3923,thirties
424,3924,fourties
425,3925,fourties
426,3926,fourties
427,3927,thirties
428,3928,twenties
429,3929,thirties
430,3930,fifties
431,3931,fourties
432,3932,fifties
433,3933,twenties
434,3934,teens
435,3935,fourties
436,3936,fifties
437,3937,twenties
438,3938,fifties
439,3939,fifties
440,3940,thirties
441,3941,fifties
442,3942,fifties
443,3943,thirties
444,3944,thirties
445,3945,fourties
446,3946,twenties
447,3947,fifties
448,3948,fifties
449,3949,thirties
450,3950,fifties
451,3951,fifties
452,3952,fifties
453,3953,fifties
454,3954,thirties
455,3955,thirties
456,3956,thirties
457,3957,fourties
458,3958,fourties
459,3959,fifties
460,3960,fifties
461,3961,fourties
462,3962,twenties
463,3963,teens
464,3964,fourties
465,3965,fourties
466,3966,fourties
467,3967,fifties
468,3968,fourties
469,3969,thirties
470,3970,fourties
471,3971,fourties
472,3972,teens
473,3973,fifties
474,3974,twenties
475,3975,fifties
476,3976,fifties
477,3977,teens
478,3978,fourties
479,3979,twenties
480,3980,thirties
481,3981,fourties
482,3982,twenties
483,3983,teens
484,3984,fourties
485,3985,thirties
486,3986,fifties
487,3987,fourties
488,3988,fourties
489,3989,twenties
490,3990,fifties
491,3991,fifties
492,3992,fourties
493,3993,fourties
494,3994,fifties
495,3995,thirties
496,3996,fourties
497,3997,thirties
498,3998,fifties
499,3999,fourties
500,4000,fifties
501,4001,fourties
502,4002,fourties
503,4003,twenties
504,4004,fourties
505,4005,teens
506,4006,twenties
507,4007,thirties
508,4008,teens
509,4009,fourties
510,4010,twenties
511,4011,teens
512,4012,fifties
513,4013,thirties
514,4014,fifties
515,4015,fifties
516,4016,twenties
517,4017,thirties
518,4018,fourties
519,4019,teens
520,4020,thirties
521,4021,fourties
522,4022,fifties
523,4023,fifties
524,4024,fourties
525,4025,fifties
526,4026,fifties
527,4027,teens
528,4028,twenties
529,4029,teens
530,4030,teens
531,4031,fifties
532,4032,twenties
533,4033,twenties
534,4034,fifties
535,4035,thirties
536,4036,fourties
537,4037,fourties
538,4038,fourties
539,4039,fourties
540,4040,twenties
541,4041,fourties
542,4042,thirties
543,4043,fifties
544,4044,twenties
545,4045,twenties
546,4046,fifties
547,4047,teens
548,4048,fifties
549,4049,thirties
550,4050,fourties
551,4051,fifties
552,4052,teens
553,4053,teens
554,4054,thirties
555,4055,teens
556,4056,teens
557,4057,thirties
558,4058,thirties
559,4059,thirties
560,4060,fourties
561,4061,fourties
562,4062,thirties
563,4063,fourties
564,4064,fourties
565,4065,teens
566,4066,teens
567,4067,fifties
568,4068,thirties
569,4069,fifties
570,4070,fifties
571,4071,teens
572,4072,fourties
573,4073,teens
574,4074,thirties
575,4075,thirties
576,4076,teens
577,4077,thirties
578,4078,fourties
579,4079,fourties
580,4080,teens
581,4081,fifties
582,4082,fourties
583,4083,fifties
584,4084,teens
585,4085,teens
586,4086,fourties
587,4087,thirties
588,4088,fifties
589,4089,thirties
590,4090,teens
591,4091,fourties
592,4092,thirties
593,4093,fifties
594,4094,fourties
595,4095,teens
596,4096,fourties
597,4097,teens
598,4098,fourties
599,4099,fourties
600,4100,teens
601,4101,thirties
602,4102,thirties
603,4103,fourties
604,4104,fourties
605,4105,teens
606,4106,teens
607,4107,teens
608,4108,twenties
609,4109,thirties
610,4110,fourties
611,4111,fifties
612,4112,thirties
613,4113,teens
614,4114,fifties
615,4115,fifties
616,4116,thirties
617,4117,fourties
618,4118,teens
619,4119,fifties
620,4120,thirties
621,4121,fourties
622,4122,fourties
623,4123,twenties
624,4124,fourties
625,4125,thirties
626,4126,fifties
627,4127,teens
628,4128,fourties
629,4129,teens
630,4130,fourties
631,4131,fourties
632,4132,twenties
633,4133,thirties
634,4134,thirties
635,4135,fourties
636,4136,thirties
637,4137,fourties
638,4138,thirties
639,4139,teens
640,4140,thirties
641,4141,fifties
642,4142,teens
643,4143,fifties
644,4144,fifties
645,4145,thirties
646,4146,teens
647,4147,teens
648,4148,fourties
649,4149,teens
650,4150,fifties
651,4151,teens
652,4152,teens
653,4153,fourties
654,4154,fourties
655,4155,twenties
656,4156,thirties
657,4157,fifties
658,4158,fifties
659,4159,thirties
660,4160,fifties
661,4161,fourties
662,4162,fourties
663,4163,fourties
664,4164,fourties
665,4165,thirties
666,4166,fifties
667,4167,teens
668,4168,fourties
669,4169,thirties
670,4170,teens
671,4171,thirties
672,4172,thirties
673,4173,fourties
674,4174,thirties
675,4175,fourties
676,4176,fourties
677,4177,fourties
678,4178,thirties
679,4179,fourties
680,4180,thirties
681,4181,twenties
682,4182,fifties
683,4183,fifties
684,4184,fifties
685,4185,fourties
686,4186,fourties
687,4187,fourties
688,4188,twenties
689,4189,fourties
690,4190,fourties
691,4191,fourties
692,4192,twenties
693,4193,teens
694,4194,fourties
695,4195,thirties
696,4196,fourties
697,4197,fourties
698,4198,fifties
699,4199,fifties
700,4200,fifties
701,4201,teens
702,4202,teens
703,4203,fourties
704,4204,twenties
705,4205,fifties
706,4206,twenties
707,4207,thirties
708,4208,fourties
709,4209,teens
710,4210,fifties
711,4211,twenties
712,4212,teens
713,4213,fourties
714,4214,twenties
715,4215,fifties
716,4216,thirties
717,4217,twenties
718,4218,fourties
719,4219,twenties
720,4220,fourties
721,4221,thirties
722,4222,thirties
723,4223,twenties
724,4224,teens
725,4225,fourties
726,4226,fifties
727,4227,fourties
728,4228,teens
729,4229,thirties
730,4230,fourties
731,4231,fourties
732,4232,thirties
733,4233,fifties
734,4234,teens
735,4235,teens
736,4236,fourties
737,4237,thirties
738,4238,fourties
739,4239,thirties
740,4240,fourties
741,4241,thirties
742,4242,fifties
743,4243,fifties
744,4244,fifties
745,4245,fourties
746,4246,teens
747,4247,teens
748,4248,teens
749,4249,thirties
750,4250,fifties
751,4251,thirties
752,4252,twenties
753,4253,fifties
754,4254,fourties
755,4255,teens
756,4256,fifties
757,4257,teens
758,4258,fourties
759,4259,fourties
760,4260,fifties
761,4261,twenties
762,4262,thirties
763,4263,fifties
764,4264,fourties
765,4265,fourties
766,4266,fifties
767,4267,fifties
768,4268,teens
769,4269,thirties
770,4270,thirties
771,4271,fifties
772,4272,fifties
773,4273,thirties
774,4274,thirties
775,4275,fourties
776,4276,twenties
777,4277,fifties
778,4278,twenties
779,4279,teens
780,4280,fifties
781,4281,thirties
782,4282,thirties
783,4283,fourties
784,4284,fifties
785,4285,fifties
786,4286,fifties
787,4287,teens
788,4288,twenties
789,4289,fifties
790,4290,fifties
791,4291,twenties
792,4292,thirties
793,4293,fourties
794,4294,fourties
795,4295,fifties
796,4296,thirties
797,4297,fourties
798,4298,twenties
799,4299,fifties
800,4300,fifties
801,4301,teens
802,4302,fifties
803,4303,twenties
804,4304,fourties
805,4305,twenties
806,4306,fifties
807,4307,teens
808,4308,fourties
809,4309,thirties
810,4310,twenties
811,4311,teens
812,4312,twenties
813,4313,thirties
814,4314,twenties
815,4315,twenties
816,4316,fourties
817,4317,fifties
818,4318,twenties
819,4319,thirties
820,4320,teens
821,4321,fourties
822,4322,thirties
823,4323,twenties
824,4324,fourties
825,4325,twenties
826,4326,fifties
827,4327,fifties
828,4328,fourties
829,4329,fifties
830,4330,teens
831,4331,teens
832,4332,thirties
833,4333,fourties
834,4334,twenties
835,4335,teens
836,4336,thirties
837,4337,fifties
838,4338,thirties
839,4339,fourties
840,4340,teens
841,4341,thirties
842,4342,thirties
843,4343,twenties
844,4344,teens
845,4345,teens
846,4346,fourties
847,4347,fifties
848,4348,thirties
849,4349,twenties
850,4350,fourties
851,4351,fourties
852,4352,thirties
853,4353,teens
854,4354,twenties
855,4355,teens
856,4356,fourties
857,4357,twenties
858,4358,fourties
859,4359,twenties
860,4360,thirties
861,4361,teens
862,4362,teens
863,4363,teens
864,4364,teens
865,4365,fifties
866,4366,teens
867,4367,fourties
868,4368,teens
869,4369,thirties
870,4370,thirties
871,4371,thirties
872,4372,teens
873,4373,teens
874,4374,twenties
875,4375,fifties
876,4376,twenties
877,4377,teens
878,4378,fourties
879,4379,fourties
880,4380,twenties
881,4381,fourties
882,4382,twenties
883,4383,thirties
884,4384,thirties
885,4385,fourties
886,4386,fourties
887,4387,teens
888,4388,fourties
889,4389,thirties
890,4390,fourties
891,4391,twenties
892,4392,teens
893,4393,teens
894,4394,fourties
895,4395,teens
896,4396,twenties
897,4397,fourties
898,4398,fourties
899,4399,fifties
900,4400,teens
901,4401,fifties
902,4402,fourties
903,4403,thirties
904,4404,fourties
905,4405,fifties
906,4406,twenties
907,4407,thirties
908,4408,fourties
909,4409,fourties
910,4410,fourties
911,4411,fourties
912,4412,fifties
913,4413,fifties
914,4414,thirties
915,4415,twenties
916,4416,fifties
917,4417,fifties
918,4418,fifties
919,4419,teens
920,4420,fifties
921,4421,fourties
922,4422,fifties
923,4423,fifties
924,4424,fourties
925,4425,fourties
926,4426,teens
927,4427,thirties
928,4428,thirties
929,4429,fourties
930,4430,fourties
931,4431,teens
932,4432,fifties
933,4433,fifties
934,4434,twenties
935,4435,twenties
936,4436,fifties
937,4437,fourties
938,4438,fourties
939,4439,thirties
940,4440,teens
941,4441,thirties
942,4442,fifties
943,4443,twenties
944,4444,fifties
945,4445,fifties
946,4446,fifties
947,4447,thirties
948,4448,twenties
949,4449,teens
950,4450,thirties
951,4451,twenties
952,4452,fourties
953,4453,fourties
954,4454,twenties
955,4455,twenties
956,4456,teens
957,4457,fourties
958,4458,fifties
959,4459,twenties
960,4460,thirties
961,4461,twenties
962,4462,fifties
963,4463,fifties
964,4464,thirties
965,4465,teens
966,4466,fourties
967,4467,fifties
968,4468,teens
969,4469,fourties
970,4470,thirties
971,4471,fifties
972,4472,fourties
973,4473,thirties
974,4474,teens
975,4475,teens
976,4476,fourties
977,4477,thirties
978,4478,fifties
979,4479,teens
980,4480,teens
981,4481,teens
982,4482,fifties
983,4483,fifties
984,4484,teens
985,4485,twenties
986,4486,fourties
987,4487,teens
988,4488,thirties
989,4489,fifties
990,4490,fifties
991,4491,teens
992,4492,fourties
993,4493,fifties
994,4494,fourties
995,4495,fourties
996,4496,twenties
997,4497,fourties
998,4498,twenties
999,4499,teens
1000,4500,thirties
1001,4501,thirties
1002,4502,fourties
1003,4503,twenties
1004,4504,fourties
1005,4505,fifties
1006,4506,thirties
1007,4507,twenties
1008,4508,fourties
1009,4509,teens
1010,4510,fourties
1011,4511,fifties
1012,4512,thirties
1013,4513,teens
1014,4514,fourties
1015,4515,fourties
1016,4516,thirties
1017,4517,fifties
1018,4518,fifties
1019,4519,teens
1020,4520,twenties
1021,4521,teens
1022,4522,fourties
1023,4523,fourties
1024,4524,fourties
1025,4525,thirties
1026,4526,fifties
1027,4527,fifties
1028,4528,teens
1029,4529,fourties
1030,4530,fourties
1031,4531,thirties
1032,4532,fifties
1033,4533,fifties
1034,4534,fifties
1035,4535,thirties
1036,4536,fifties
1037,4537,fourties
1038,4538,twenties
1039,4539,fifties
1040,4540,teens
1041,4541,fifties
1042,4542,teens
1043,4543,fourties
1044,4544,fourties
1045,4545,fourties
1046,4546,twenties
1047,4547,fifties
1048,4548,fourties
1049,4549,fourties
1050,4550,thirties
1051,4551,thirties
1052,4552,fifties
1053,4553,thirties
1054,4554,fourties
1055,4555,fourties
1056,4556,teens
1057,4557,teens
1058,4558,fourties
1059,4559,thirties
1060,4560,fourties
1061,4561,fifties
1062,4562,fourties
1063,4563,twenties
1064,4564,fifties
1065,4565,thirties
1066,4566,fourties
1067,4567,teens
1068,4568,fifties
1069,4569,twenties
1070,4570,fifties
1071,4571,fifties
1072,4572,thirties
1073,4573,fourties
1074,4574,teens
1075,4575,teens
1076,4576,twenties
1077,4577,teens
1078,4578,fifties
1079,4579,fifties
1080,4580,fifties
1081,4581,teens
1082,4582,fifties
1083,4583,thirties
1084,4584,thirties
1085,4585,thirties
1086,4586,fourties
1087,4587,twenties
1088,4588,fourties
1089,4589,thirties
1090,4590,teens
1091,4591,twenties
1092,4592,thirties
1093,4593,fourties
1094,4594,fourties
1095,4595,fifties
1096,4596,teens
1097,4597,fourties
1098,4598,fourties
1099,4599,fifties
1100,4600,teens
1101,4601,fourties
1102,4602,fourties
1103,4603,teens
1104,4604,fourties
1105,4605,fourties
1106,4606,fourties
1107,4607,teens
1108,4608,teens
1109,4609,fourties
1110,4610,teens
1111,4611,fifties
1112,4612,twenties
1113,4613,thirties
1114,4614,teens
1115,4615,fourties
1116,4616,teens
1117,4617,fifties
1118,4618,thirties
1119,4619,fifties
1120,4620,fourties
1121,4621,twenties
1122,4622,teens
1123,4623,fourties
1124,4624,fifties
1125,4625,teens
1126,4626,twenties
1127,4627,fifties
1128,4628,fifties
1129,4629,teens
1130,4630,thirties
1131,4631,fifties
1132,4632,fourties
1133,4633,thirties
1134,4634,thirties
1135,4635,fourties
1136,4636,fourties
1137,4637,teens
1138,4638,fourties
1139,4639,teens
1140,4640,thirties
1141,4641,teens
1142,4642,fourties
1143,4643,fifties
1144,4644,twenties
1145,4645,fourties
1146,4646,thirties
1147,4647,fifties
1148,4648,fourties
1149,4649,fourties
1150,4650,fourties
1151,4651,teens
1152,4652,fifties
1153,4653,thirties
1154,4654,teens
1155,4655,twenties
1156,4656,fourties
1157,4657,fourties
1158,4658,fourties
1159,4659,fourties
1160,4660,fifties
1161,4661,teens
1162,4662,fourties
1163,4663,thirties
1164,4664,thirties
1165,4665,fourties
1166,4666,fourties
1167,4667,twenties
1168,4668,fifties
1169,4669,thirties
1170,4670,twenties
1171,4671,fourties
1172,4672,twenties
1173,4673,thirties
1174,4674,twenties
1175,4675,fourties
1176,4676,thirties
1177,4677,fifties
1178,4678,fifties
1179,4679,teens
1180,4680,fifties
1181,4681,fifties
1182,4682,twenties
1183,4683,teens
1184,4684,fourties
1185,4685,twenties
1186,4686,twenties
1187,4687,teens
1188,4688,teens
1189,4689,fourties
1190,4690,fourties
1191,4691,fourties
1192,4692,thirties
1193,4693,thirties
1194,4694,thirties
1195,4695,teens
1196,4696,teens
1197,4697,teens
1198,4698,teens
1199,4699,thirties
1200,4700,teens
1201,4701,fourties
1202,4702,thirties
1203,4703,fifties
1204,4704,twenties
1205,4705,teens
1206,4706,teens
1207,4707,twenties
1208,4708,fourties
1209,4709,twenties
1210,4710,thirties
1211,4711,fifties
1212,4712,thirties
1213,4713,teens
1214,4714,fifties
1215,4715,fourties
1216,4716,fourties
1217,4717,twenties
1218,4718,fifties
1219,4719,fourties
1220,4720,fifties
1221,4721,twenties
1222,4722,teens
1223,4723,thirties
1224,4724,teens
1225,4725,fourties
1226,4726,fifties
1227,4727,teens
1228,4728,fifties
1229,4729,fourties
1230,4730,thirties
1231,4731,fifties
1232,4732,twenties
1233,4733,fourties
1234,4734,fourties
1235,4735,fifties
1236,4736,fifties
1237,4737,fourties
1238,4738,fourties
1239,4739,twenties
1240,4740,fourties
1241,4741,fourties
1242,4742,teens
1243,4743,teens
1244,4744,fourties
1245,4745,fifties
1246,4746,fourties
1247,4747,twenties
1248,4748,fourties
1249,4749,thirties
1250,4750,teens
1251,4751,fourties
1252,4752,fourties
1253,4753,twenties
1254,4754,thirties
1255,4755,teens
1256,4756,teens
1257,4757,teens
1258,4758,fifties
1259,4759,twenties
1260,4760,teens
1261,4761,thirties
1262,4762,fourties
1263,4763,fifties
1264,4764,thirties
1265,4765,fourties
1266,4766,thirties
1267,4767,fourties
1268,4768,thirties
1269,4769,thirties
1270,4770,fifties
1271,4771,fourties
1272,4772,fourties
1273,4773,fifties
1274,4774,fourties
1275,4775,fourties
1276,4776,fourties
1277,4777,teens
1278,4778,teens
1279,4779,fifties
1280,4780,teens
1281,4781,fourties
1282,4782,twenties
1283,4783,fifties
1284,4784,fifties
1285,4785,fifties
1286,4786,twenties
1287,4787,twenties
1288,4788,thirties
1289,4789,fourties
1290,4790,fifties
1291,4791,fourties
1292,4792,fifties
1293,4793,fifties
1294,4794,twenties
1295,4795,fifties
1296,4796,teens
1297,4797,thirties
1298,4798,fourties
1299,4799,teens
1300,4800,twenties
1301,4801,teens
1302,4802,thirties
1303,4803,teens
1304,4804,fourties
1305,4805,thirties
1306,4806,fourties
1307,4807,fifties
1308,4808,teens
1309,4809,teens
1310,4810,fifties
1311,4811,twenties
1312,4812,fifties
1313,4813,teens
1314,4814,fourties
1315,4815,teens
1316,4816,teens
1317,4817,teens
1318,4818,fourties
1319,4819,fourties
1320,4820,thirties
1321,4821,teens
1322,4822,fourties
1323,4823,thirties
1324,4824,fifties
1325,4825,twenties
1326,4826,fifties
1327,4827,twenties
1328,4828,teens
1329,4829,thirties
1330,4830,teens
1331,4831,teens
1332,4832,teens
1333,4833,fourties
1334,4834,twenties
1335,4835,fourties
1336,4836,teens
1337,4837,twenties
1338,4838,twenties
1339,4839,teens
1340,4840,fifties
1341,4841,fourties
1342,4842,thirties
1343,4843,fourties
1344,4844,teens
1345,4845,twenties
1346,4846,twenties
1347,4847,fifties
1348,4848,twenties
1349,4849,teens
1350,4850,twenties
1351,4851,twenties
1352,4852,fifties
1353,4853,fifties
1354,4854,fourties
1355,4855,fifties
1356,4856,teens
1357,4857,thirties
1358,4858,fifties
1359,4859,thirties
1360,4860,teens
1361,4861,twenties
1362,4862,twenties
1363,4863,fifties
1364,4864,teens
1365,4865,teens
1366,4866,thirties
1367,4867,teens
1368,4868,teens
1369,4869,fourties
1370,4870,fifties
1371,4871,fifties
1372,4872,twenties
1373,4873,twenties
1374,4874,thirties
1375,4875,twenties
1376,4876,teens
1377,4877,fifties
1378,4878,twenties
1379,4879,fourties
1380,4880,fourties
1381,4881,fourties
1382,4882,fifties
1383,4883,fifties
1384,4884,thirties
1385,4885,twenties
1386,4886,fourties
1387,4887,fifties
1388,4888,teens
1389,4889,teens
1390,4890,fifties
1391,4891,twenties
1392,4892,teens
1393,4893,fifties
1394,4894,teens
1395,4895,fifties
1396,4896,fourties
1397,4897,fourties
1398,4898,twenties
1399,4899,fourties
1400,4900,teens
1401,4901,fourties
1402,4902,fourties
1403,4903,fourties
1404,4904,fifties
1405,4905,twenties
1406,4906,thirties
1407,4907,teens
1408,4908,fourties
1409,4909,fourties
1410,4910,teens
1411,4911,fifties
1412,4912,twenties
1413,4913,fourties
1414,4914,fourties
1415,4915,fourties
1416,4916,teens
1417,4917,fifties
1418,4918,twenties
1419,4919,teens
1420,4920,thirties
1421,4921,fourties
1422,4922,teens
1423,4923,fifties
1424,4924,fifties
1425,4925,twenties
1426,4926,fifties
1427,4927,fifties
1428,4928,fourties
1429,4929,teens
1430,4930,twenties
1431,4931,teens
1432,4932,fifties
1433,4933,thirties
1434,4934,teens
1435,4935,fourties
1436,4936,teens
1437,4937,twenties
1438,4938,fifties
1439,4939,fourties
1440,4940,fourties
1441,4941,teens
1442,4942,teens
1443,4943,thirties
1444,4944,twenties
1445,4945,fifties
1446,4946,teens
1447,4947,thirties
1448,4948,thirties
1449,4949,fifties
1450,4950,twenties
1451,4951,fifties
1452,4952,teens
1453,4953,teens
1454,4954,thirties
1455,4955,fourties
1456,4956,teens
1457,4957,teens
1458,4958,twenties
1459,4959,fifties
1460,4960,fourties
1461,4961,thirties
1462,4962,twenties
1463,4963,teens
1464,4964,teens
1465,4965,teens
1466,4966,thirties
1467,4967,fourties
1468,4968,thirties
1469,4969,fifties
1470,4970,fifties
1471,4971,thirties
1472,4972,teens
1473,4973,twenties
1474,4974,fifties
1475,4975,teens
1476,4976,fifties
1477,4977,fourties
1478,4978,fifties
1479,4979,teens
1480,4980,fourties
1481,4981,twenties
1482,4982,teens
1483,4983,fourties
1484,4984,teens
1485,4985,fourties
1486,4986,fourties
1487,4987,twenties
1488,4988,fifties
1489,4989,fifties
1490,4990,fourties
1491,4991,fourties
1492,4992,fifties
1493,4993,twenties
1494,4994,twenties
1495,4995,twenties
1496,4996,teens
1497,4997,twenties
1498,4998,teens
1499,4999,teens
